ID,EC1,EC2,EC3,EC4,EC5,EC6,SI1,SI2,SI3,SI4,PBC1,PBC2,PBC3,PBC4,PBC5,CNS1,CNS2,CNS3,CNS4,CNS5,CNS6,CNS7,CNS8,GC1,GC2,GC3,GC4,GC5,GC6,GC7,GC8,GC9,GC10,GC11,GC12,GC13,PM1,PM2,PM3,PM4,PM5,Gender,Age,Marital_status,Education,Ethnicity,No_household,Income,Occupation,Work_category,TotalEC,TotalSI,TotalPBC,TotalCNS,TotalGC
1,2,4,4,4,4,4,3,4,3,4,4,3,3,3,4,2,3,4,2,3,2,2,2,4,4,4,4,4,4,4,3,4,3,3,4,3,3,4,5,4,5,2,2,4,5,1,3,2,1,3,14,14,17,20,48
2,4,2,4,5,4,4,3,4,5,5,4,5,5,5,5,4,4,4,4,4,3,3,3,5,5,5,4,4,4,3,4,3,3,4,4,3,3,3,4,5,4,2,3,1,5,1,2,3,1,3,15,17,24,29,51
3,4,4,4,4,4,4,4,4,3,3,4,4,4,4,4,3,4,4,4,4,3,4,4,4,4,4,4,4,4,3,3,4,4,4,4,4,4,3,3,3,3,2,3,1,4,1,2,2,1,3,16,14,20,30,50
4,3,3,4,3,4,5,2,2,3,3,4,4,4,4,4,3,4,4,3,4,3,2,2,4,4,4,4,3,3,3,3,4,4,3,4,3,5,3,5,5,5,1,3,4,6,1,1,3,1,3,13,10,20,25,46
5,3,2,4,5,5,4,3,4,3,4,3,5,4,4,5,3,3,4,3,3,4,3,3,4,4,4,4,4,3,3,5,5,5,4,4,4,5,4,5,4,5,2,4,1,3,1,3,1,1,2,14,14,21,26,53
6,4,4,4,4,4,4,4,4,3,3,4,4,4,4,4,2,2,3,2,3,2,3,3,4,4,4,4,4,4,4,4,4,4,4,4,4,2,4,3,3,5,2,3,3,5,1,2,4,1,5,16,14,20,20,52
7,4,5,5,5,5,4,5,4,4,4,4,4,4,4,5,3,3,4,3,3,4,3,4,5,5,5,4,4,4,3,3,4,5,4,4,3,4,3,5,3,4,2,2,1,4,1,2,2,1,3,19,17,21,27,53
8,3,4,5,5,5,5,4,4,4,3,4,5,5,5,5,4,4,4,4,4,5,4,4,4,4,5,4,3,3,3,4,4,4,4,4,3,4,3,3,4,5,1,3,1,4,1,2,2,1,13,17,15,24,33,49
9,3,3,3,5,5,5,4,4,4,4,5,5,4,4,4,1,3,3,1,1,1,1,1,3,3,3,4,4,4,3,2,2,3,4,5,4,2,2,3,5,5,2,2,4,6,1,1,2,1,5,14,16,22,12,44
10,3,4,4,3,4,3,4,5,5,5,3,4,4,4,4,3,2,2,3,3,3,2,2,4,3,4,3,2,2,2,2,3,3,3,3,2,5,2,5,5,5,1,2,2,6,1,1,2,2,2,14,19,19,20,36
11,3,4,3,4,5,5,3,4,4,3,2,4,4,4,4,2,4,4,4,2,2,2,4,3,3,4,4,4,3,3,3,3,4,4,4,4,4,3,5,3,5,2,2,4,5,1,2,1,3,6,14,14,18,24,46
12,3,4,3,4,5,4,3,3,4,4,2,3,3,4,4,3,3,4,3,3,3,2,3,4,4,3,4,3,3,4,4,3,3,3,2,2,4,3,5,4,5,2,3,1,4,1,2,2,1,2,14,14,16,24,42
13,4,4,4,4,4,4,4,4,3,4,5,5,5,5,4,3,3,4,4,4,4,3,3,5,5,3,4,4,4,3,3,3,3,4,4,4,4,3,4,5,5,2,2,1,5,1,2,3,1,3,16,15,24,28,49
14,4,5,4,3,5,4,3,4,4,3,4,4,3,3,4,3,3,4,4,3,3,3,3,3,3,3,4,4,3,3,3,3,3,3,3,3,4,3,4,4,4,2,2,1,5,1,2,2,1,2,16,14,18,26,41
15,4,4,4,4,4,4,4,4,4,4,4,4,4,4,4,4,4,4,4,4,4,4,4,4,4,4,4,4,4,4,4,4,4,4,4,4,3,2,4,4,4,2,3,2,5,1,1,2,1,2,16,16,20,32,52
16,4,3,5,5,5,5,4,4,4,4,5,5,4,4,4,4,4,4,3,3,3,3,4,4,4,4,3,2,3,2,2,3,3,5,5,3,4,2,5,5,4,2,3,1,5,1,3,2,1,2,17,16,22,28,43
17,5,5,5,5,5,5,4,5,4,4,5,4,2,3,4,4,3,1,4,2,4,2,4,4,2,4,2,4,3,2,3,3,1,3,2,1,2,1,5,5,5,1,4,3,5,2,2,4,2,13,20,17,18,24,34
18,4,5,5,4,5,5,3,3,4,2,2,3,2,4,4,2,2,4,2,2,2,2,2,4,4,2,4,2,2,2,4,2,2,4,2,4,5,2,5,5,5,2,2,4,5,1,2,2,1,2,18,12,15,18,38
19,3,4,4,4,5,5,4,3,3,3,3,4,4,4,4,3,3,3,3,3,3,3,3,4,4,4,3,3,3,3,3,3,3,4,4,4,3,2,4,4,5,2,2,4,5,2,2,1,3,12,15,13,19,24,45
20,4,1,5,5,5,5,2,3,2,2,3,4,4,4,4,2,2,2,2,2,2,1,2,2,3,4,2,2,2,2,3,2,3,3,2,2,1,1,4,2,5,2,2,4,5,2,2,1,3,2,15,9,19,15,32
21,5,4,4,4,5,4,4,4,3,4,3,4,4,4,3,3,3,4,3,3,3,3,3,3,4,4,4,4,4,4,4,3,3,3,3,3,1,1,2,3,3,2,2,4,5,2,3,1,3,2,17,15,18,25,46
22,4,3,4,4,4,3,5,4,3,4,4,4,4,3,3,2,3,3,3,3,2,2,3,4,5,4,5,4,3,3,4,2,2,5,4,3,3,2,4,5,5,2,2,4,5,2,2,1,3,3,15,16,18,21,48
23,4,3,4,4,4,4,3,3,3,4,4,4,4,4,3,3,4,4,3,3,3,2,2,4,4,3,3,3,2,2,2,3,3,4,3,3,1,1,4,3,5,2,1,4,5,2,3,1,3,2,15,13,19,24,39
24,4,3,4,5,5,5,4,3,3,3,4,4,3,3,4,3,2,3,3,3,3,2,3,4,4,3,3,4,3,3,3,3,3,3,4,3,3,2,3,4,5,2,2,4,5,2,3,2,2,2,16,13,18,22,43
25,4,2,4,4,5,4,3,4,3,4,4,4,4,4,4,2,3,4,3,2,3,2,2,4,4,4,4,4,3,4,4,3,4,5,5,5,3,3,2,2,3,2,2,4,5,2,2,2,3,14,14,14,20,21,53
26,4,4,4,3,4,4,3,4,3,3,4,4,4,4,4,2,3,3,2,2,2,2,2,2,4,4,2,2,3,2,2,2,2,2,2,2,4,2,5,3,5,1,2,4,5,2,3,1,3,5,15,13,20,18,31
27,5,2,4,4,4,4,4,3,2,2,4,4,4,5,4,5,4,4,4,3,4,2,2,5,5,5,4,3,3,3,1,2,2,2,4,2,5,3,4,4,5,2,2,4,5,2,2,1,3,14,15,11,21,28,41
28,5,4,5,5,5,5,4,4,3,4,5,5,5,5,5,3,4,3,3,3,4,3,3,5,5,4,4,5,3,3,3,3,2,4,4,3,3,2,2,3,4,1,2,4,5,2,2,1,3,5,19,15,25,26,48
30,4,4,4,4,4,4,4,3,4,4,2,4,4,4,4,3,3,4,4,4,3,2,3,2,2,2,2,3,2,3,3,3,3,3,4,4,3,3,3,4,4,2,3,1,5,1,2,4,1,11,16,15,18,26,36
31,4,4,4,4,5,5,5,5,5,5,5,5,5,5,5,5,5,5,5,5,5,5,5,5,5,5,5,5,5,5,5,5,5,5,4,4,3,1,5,5,5,2,3,1,5,1,2,3,1,14,16,20,25,40,63
32,4,4,4,4,4,4,3,3,2,3,4,3,4,4,3,2,2,2,2,2,2,2,2,4,4,4,2,2,2,2,2,4,4,4,4,4,3,3,3,3,4,2,2,4,5,1,2,2,4,13,16,11,18,16,42
33,4,4,4,4,4,4,3,4,4,4,4,4,4,4,4,3,3,4,3,3,3,3,3,4,4,4,4,4,4,4,3,4,3,3,4,4,3,3,4,4,4,2,2,4,5,1,2,3,1,14,16,15,20,25,49
34,4,4,4,4,4,4,4,4,4,4,3,4,4,4,4,3,4,4,4,4,4,3,3,5,4,3,4,4,3,3,3,4,4,4,4,4,3,3,4,4,4,1,3,1,5,1,2,3,2,11,16,16,19,29,49
35,4,4,5,5,5,4,4,4,3,3,3,3,3,4,3,3,3,4,4,3,3,3,3,5,5,4,3,4,3,3,3,3,4,4,3,3,4,3,4,5,5,2,2,1,5,1,2,2,1,14,18,14,16,26,47
36,4,4,5,5,5,4,4,4,3,3,3,3,3,4,3,3,3,4,4,3,3,3,3,5,5,4,3,3,3,3,3,3,4,4,3,3,4,3,4,5,5,2,2,1,5,1,2,2,1,14,18,14,16,26,46
37,5,5,5,5,5,5,4,4,4,4,5,5,5,5,5,4,4,5,4,4,4,3,3,4,4,4,2,4,2,2,4,4,3,4,2,2,5,2,4,2,5,2,2,1,5,1,3,3,1,11,20,16,25,31,41
38,3,4,3,4,4,4,3,3,3,2,4,4,4,4,4,2,2,2,2,2,2,2,2,2,2,3,2,4,2,2,2,2,2,2,2,2,3,1,3,1,3,1,3,2,4,1,2,2,4,13,14,11,20,16,29
39,4,4,3,4,5,5,3,4,4,4,5,5,5,5,5,4,4,5,3,2,3,3,4,2,2,3,2,4,2,2,4,4,2,4,2,2,4,1,4,2,5,2,3,1,5,1,2,3,1,1,15,15,25,28,35
40,3,4,4,4,4,4,5,5,3,3,3,4,3,3,3,2,4,4,3,3,3,2,2,5,5,3,3,5,2,2,2,3,3,1,1,1,2,2,4,4,5,1,3,1,4,1,2,3,4,5,15,16,16,23,36
41,4,5,4,4,5,5,5,5,5,5,5,5,3,3,5,3,4,5,3,5,3,3,3,5,5,5,5,5,5,3,2,2,4,2,2,2,2,2,3,2,4,2,3,1,5,1,2,3,1,2,17,20,21,29,47
42,4,4,4,4,4,4,4,4,4,4,4,4,4,4,4,4,4,4,4,4,4,4,4,4,4,4,4,4,4,4,4,4,4,4,4,4,3,3,4,4,4,2,4,1,3,1,2,2,2,14,16,16,20,32,52
43,4,4,4,4,5,5,4,4,4,4,4,4,4,4,4,4,4,4,4,4,4,4,4,4,4,4,4,4,4,4,4,4,4,4,4,4,3,3,3,2,4,2,3,1,5,1,2,2,1,2,16,16,20,32,52
44,4,5,4,4,4,4,4,4,4,4,4,4,4,4,4,4,4,4,4,4,4,4,4,4,4,4,4,4,4,4,4,4,4,4,4,4,3,3,4,4,4,2,3,4,1,1,2,2,4,11,17,16,20,32,52
45,2,4,4,4,4,4,4,4,4,4,5,5,4,4,4,4,3,4,3,3,3,3,3,5,5,3,4,4,3,3,3,3,3,3,3,3,3,1,3,1,3,2,4,4,5,1,2,5,1,11,14,16,22,26,45
46,4,5,5,5,5,5,4,4,3,3,4,4,4,4,4,3,3,4,3,3,3,3,4,5,5,5,4,4,3,3,3,4,4,4,4,4,4,4,4,4,4,2,4,3,3,1,1,2,2,13,19,14,20,26,52
47,4,4,4,4,4,4,4,4,4,4,4,4,4,4,4,3,3,4,4,4,4,4,4,4,4,4,4,4,4,4,4,4,4,4,4,4,2,2,3,3,3,1,3,1,5,1,2,3,2,13,16,16,20,30,52
48,4,5,5,5,4,5,5,5,5,4,5,5,5,5,5,2,4,4,1,2,2,1,3,5,5,5,4,5,3,3,1,5,2,5,5,1,4,1,1,5,5,1,2,4,5,2,2,2,3,6,19,19,25,19,49
49,2,4,2,3,4,4,4,4,3,3,4,4,4,4,4,2,2,2,2,2,2,2,2,4,4,3,4,3,3,3,3,3,2,2,2,4,2,2,5,3,5,1,2,4,4,2,2,1,3,6,11,14,20,16,40
50,5,3,2,4,5,2,4,5,3,4,1,3,3,4,5,4,2,5,4,3,4,2,3,3,4,2,5,5,2,3,4,3,2,4,4,2,1,1,1,2,2,1,2,4,5,2,3,1,3,6,14,16,16,27,43
51,4,3,4,4,3,4,3,3,4,3,5,4,2,3,3,3,4,5,3,4,3,2,3,4,4,4,4,2,3,3,3,3,3,3,3,3,4,1,3,5,4,1,2,4,5,2,2,1,3,2,15,13,17,27,42
52,4,2,4,3,4,3,2,4,3,3,2,4,2,4,3,2,1,3,3,3,3,2,2,5,4,4,3,3,3,3,3,3,2,2,3,3,4,1,5,3,5,2,2,4,4,2,3,2,4,6,13,12,15,19,41
53,4,2,4,2,4,4,2,4,3,3,4,3,4,3,4,4,3,4,3,3,3,2,3,3,4,4,4,4,4,4,3,4,3,3,3,3,3,1,4,3,4,2,2,4,3,2,2,2,7,6,12,12,18,25,46
54,4,4,4,3,4,4,3,1,2,1,4,4,4,4,4,2,2,4,3,4,3,1,4,4,4,4,3,3,4,2,1,2,4,4,2,2,4,1,3,4,5,2,2,4,5,2,2,2,3,4,15,7,20,23,39
55,3,2,4,4,4,3,3,3,3,2,4,4,4,4,4,1,1,1,2,2,2,1,2,3,4,3,2,3,2,2,2,2,2,2,2,2,3,1,4,3,4,2,2,4,5,2,2,1,3,4,13,11,20,12,31
56,5,2,4,4,4,4,3,4,5,3,3,4,4,4,4,2,4,4,3,3,4,4,4,5,5,5,5,3,3,3,4,4,3,5,5,5,4,2,3,2,5,1,2,4,5,2,2,1,3,14,15,15,19,28,55
57,4,5,4,4,4,4,4,5,4,3,5,5,5,5,5,3,3,4,4,3,3,3,3,5,5,5,5,4,4,4,4,4,4,4,4,4,3,3,4,4,4,2,2,4,5,1,2,2,1,4,17,16,25,26,56
58,4,4,4,4,4,3,3,4,3,3,4,4,4,4,3,3,3,3,3,3,3,3,3,4,4,3,4,4,3,2,3,3,4,3,4,4,4,1,4,4,4,1,2,2,4,1,2,1,4,13,16,13,19,24,45
59,3,4,3,3,5,5,3,3,4,4,4,4,4,4,4,2,2,2,3,3,3,2,3,4,4,4,4,4,3,4,3,3,3,4,4,4,4,2,4,3,3,2,4,1,4,1,2,2,7,2,13,14,20,20,48
60,4,4,4,4,4,5,4,3,3,4,4,4,4,4,5,4,4,4,4,4,3,3,4,4,4,4,4,4,3,3,4,4,4,4,4,4,2,2,3,2,4,1,3,1,3,1,2,2,1,11,16,14,21,30,50
61,4,4,4,4,5,5,4,4,4,4,4,4,4,4,4,4,4,4,4,4,4,4,4,4,4,4,4,4,4,4,4,4,4,4,4,4,4,4,4,5,5,2,2,4,4,1,2,1,3,14,16,16,20,32,52
62,4,3,4,4,4,4,4,4,4,4,4,4,4,4,4,3,4,4,3,5,3,3,5,5,5,3,4,5,3,3,3,4,4,4,4,4,4,3,3,2,2,2,2,4,4,1,1,2,7,7,15,16,20,30,51
63,5,5,5,5,5,5,5,5,4,4,5,5,4,4,4,3,3,4,4,3,3,2,3,4,4,4,3,4,3,3,3,3,4,3,3,3,3,3,4,3,3,2,3,1,4,1,2,3,4,7,20,18,22,25,44
64,3,3,4,4,4,4,4,4,4,4,4,4,4,4,4,4,4,4,4,4,4,4,4,4,4,2,4,4,4,4,4,4,3,5,5,5,3,1,5,5,5,2,2,2,5,1,2,2,1,7,14,16,20,32,52
65,4,2,4,4,5,4,3,3,3,3,3,4,4,4,4,2,2,3,2,3,3,2,2,5,4,3,3,3,3,2,3,3,3,3,3,3,5,2,5,2,5,1,3,1,5,1,2,3,1,7,14,12,19,19,41
66,5,5,4,5,5,5,4,4,4,4,4,4,4,4,4,4,4,4,4,4,4,4,4,4,4,4,4,4,4,4,4,4,4,4,4,4,3,3,4,4,3,2,3,4,5,1,1,2,1,7,19,16,20,32,52
67,3,3,3,4,4,5,3,4,4,4,4,4,4,4,4,2,3,4,3,3,3,3,3,4,4,4,4,3,2,2,4,3,4,4,3,3,3,3,4,4,5,2,2,4,4,1,2,2,2,7,13,15,20,24,44
68,3,4,4,4,5,5,4,4,4,4,4,4,4,4,4,2,2,4,2,2,2,2,2,3,3,3,3,3,3,3,3,3,3,3,3,3,4,3,4,3,4,2,3,1,5,1,2,3,1,6,15,16,20,18,39
69,3,3,4,4,4,4,3,4,3,3,4,3,3,3,3,2,2,4,2,3,3,1,2,2,2,2,2,2,2,2,2,2,2,4,2,2,2,2,2,2,5,2,2,4,5,1,2,1,1,2,14,13,16,19,28
70,4,3,4,4,4,4,4,4,4,4,4,4,4,4,4,4,4,4,4,4,4,3,4,4,4,4,4,4,3,3,4,4,3,4,4,3,5,2,5,5,5,2,2,1,4,1,2,2,2,2,15,16,20,31,48
71,4,4,4,4,4,5,4,4,4,4,5,5,4,4,4,4,4,4,4,4,4,3,4,4,4,4,4,3,3,3,4,3,4,5,5,4,2,1,4,3,4,2,3,1,5,1,3,2,1,7,16,16,22,31,50
72,5,4,4,4,4,5,4,4,4,5,4,5,5,5,5,4,4,4,4,5,4,5,4,4,4,4,3,3,4,1,3,5,3,4,3,4,3,3,5,3,3,2,2,1,6,1,2,6,5,8,17,17,24,34,45
73,2,4,4,4,4,4,2,2,2,4,4,4,4,4,4,2,2,4,4,2,2,4,4,4,4,4,2,4,2,2,2,4,2,4,4,4,3,2,4,4,4,2,2,4,5,1,2,3,1,2,14,10,20,24,42
74,4,4,4,4,4,4,4,4,4,3,4,4,4,4,4,4,4,4,4,4,4,3,4,4,4,4,4,4,4,4,4,4,4,4,4,4,3,2,4,4,4,2,3,1,5,1,1,2,1,2,16,15,20,31,52
75,4,4,4,4,4,4,4,4,4,3,4,4,4,4,4,4,4,4,4,4,4,3,4,4,4,4,4,4,4,4,4,4,4,4,4,4,2,2,4,4,4,1,3,1,5,1,2,3,1,7,16,15,20,31,52
76,4,4,5,5,5,5,5,5,4,3,3,4,4,4,5,3,2,2,2,2,3,2,3,3,3,2,2,3,2,3,3,3,2,2,2,2,5,2,3,5,3,2,2,4,4,1,3,1,2,8,18,17,20,19,32
77,4,4,4,4,4,4,4,4,4,4,4,4,3,4,4,3,3,4,4,4,3,3,3,4,4,4,4,4,4,3,2,4,2,3,3,3,3,3,4,4,3,2,4,1,4,1,3,2,1,1,16,16,19,27,44
78,5,4,5,5,5,4,4,5,4,3,3,4,3,3,3,5,5,3,5,4,5,4,3,4,3,5,5,5,5,5,4,4,3,3,3,3,4,4,5,5,5,2,3,1,4,3,3,2,2,1,19,16,16,34,52
79,4,4,3,4,4,4,3,3,4,3,3,3,3,3,3,3,3,2,2,2,3,2,2,4,4,3,3,2,3,2,2,3,3,3,4,4,3,2,4,4,4,1,5,1,3,1,3,1,6,14,15,13,15,19,40
80,3,5,5,5,4,5,2,3,3,3,4,3,3,3,4,1,2,2,2,2,2,1,1,5,4,3,4,4,4,3,3,3,2,3,3,3,2,2,2,2,4,1,2,4,5,1,1,2,1,5,18,11,17,13,44
81,4,4,4,4,5,5,4,4,4,4,4,4,4,4,4,4,4,4,4,4,4,4,4,4,4,4,4,4,4,4,4,4,4,4,4,4,4,3,5,5,5,2,2,2,5,1,1,2,1,5,16,16,20,32,52
82,4,4,4,4,4,4,3,4,4,3,3,4,4,4,4,3,4,4,3,3,3,3,3,4,4,4,4,4,3,3,3,3,4,4,4,4,3,3,4,4,2,1,4,1,4,1,3,3,1,1,16,14,19,26,48
83,4,4,4,4,5,5,4,4,4,4,4,4,4,4,4,4,4,4,4,5,4,3,3,4,4,4,4,5,5,4,3,4,4,4,4,4,4,2,4,3,2,2,4,4,4,2,2,2,1,1,16,16,20,31,53
84,4,4,5,4,4,5,5,4,5,5,5,5,5,4,5,4,4,4,5,3,4,4,4,5,5,4,4,3,4,4,5,4,4,5,5,4,2,1,1,1,2,2,1,4,3,1,3,1,7,12,17,19,24,32,56
85,4,4,4,4,5,5,4,4,4,4,4,4,4,4,4,3,3,4,3,4,4,3,3,3,3,4,4,4,4,4,4,4,3,3,3,3,4,3,4,4,4,2,3,1,4,1,2,1,2,13,16,16,20,27,46
86,4,4,4,4,4,4,4,4,4,4,4,4,4,4,4,3,3,4,3,3,3,3,3,4,4,4,3,4,3,3,3,3,3,4,4,3,3,2,4,3,3,2,4,4,3,1,1,2,1,1,16,16,20,25,45
87,3,3,3,3,4,4,4,3,3,4,4,3,4,3,2,2,4,3,3,2,2,2,4,4,4,3,3,2,2,2,2,3,4,4,4,4,4,4,2,2,3,2,4,1,4,2,2,1,2,1,12,14,16,22,41
88,4,4,4,4,4,4,3,3,3,3,5,5,5,5,5,4,4,5,5,5,4,4,4,5,5,5,4,4,4,3,3,4,4,4,4,3,5,3,4,4,5,2,4,1,3,1,3,2,2,1,16,12,25,35,52
89,3,4,4,4,4,4,4,4,4,4,4,4,4,4,3,3,3,4,4,4,4,3,3,4,4,4,4,4,4,4,3,3,4,3,3,3,4,3,4,4,3,2,2,2,5,1,2,2,1,1,15,16,19,28,47
90,4,2,3,3,4,4,4,4,4,3,3,3,3,4,4,2,2,2,2,2,3,2,2,4,4,3,3,3,2,2,2,2,2,4,3,3,4,2,4,4,3,2,2,4,4,1,4,1,2,12,12,15,17,17,37
91,4,4,4,4,4,4,4,4,4,4,4,4,4,4,4,4,4,4,4,4,4,3,4,4,4,4,4,4,4,3,4,4,4,4,4,4,3,3,3,2,4,2,4,1,3,1,2,2,2,1,16,16,20,31,51
92,4,4,5,5,5,4,3,3,4,4,4,4,4,4,4,4,3,3,4,4,3,4,4,4,4,4,4,4,4,4,4,4,4,4,4,4,3,3,4,3,5,2,3,1,3,1,2,2,7,14,18,14,20,29,52
93,4,5,4,5,4,4,3,3,4,3,4,4,4,4,4,3,3,4,3,3,3,3,3,4,4,4,4,4,3,4,3,4,4,4,4,4,4,3,5,4,5,2,2,4,4,1,2,1,2,1,18,13,20,25,50
94,4,2,3,4,4,4,4,3,4,4,3,3,3,2,2,2,4,4,3,3,3,3,3,4,4,4,3,2,4,4,3,3,3,4,3,3,1,4,2,4,5,1,4,1,3,2,3,3,1,13,13,15,13,25,44
95,5,5,4,5,5,4,4,4,4,3,4,4,4,4,4,4,4,4,4,4,4,3,4,4,4,3,3,4,4,3,4,4,4,3,4,4,4,4,4,4,4,2,2,4,4,1,3,1,7,8,19,15,20,31,48
96,4,3,4,3,5,4,3,3,3,3,2,3,3,3,4,1,1,3,1,2,1,1,1,4,3,4,2,3,3,2,1,3,1,3,3,3,2,1,4,3,4,2,2,4,5,1,3,1,3,12,14,12,15,11,35
97,3,4,4,4,5,5,4,4,4,4,4,4,4,4,4,2,2,2,1,4,4,2,4,4,4,4,4,4,4,4,4,4,4,4,4,4,3,3,3,1,3,2,2,4,2,1,2,1,1,8,15,16,20,21,52
98,3,3,3,3,4,4,4,3,4,3,4,4,3,4,4,3,3,4,4,4,4,3,3,4,4,3,4,3,3,2,4,3,3,4,4,4,3,4,3,5,5,2,2,3,3,1,3,1,7,8,12,14,19,28,45
99,5,5,4,4,5,5,3,4,4,3,2,4,3,3,4,1,2,3,2,2,2,1,1,4,4,4,4,5,4,5,4,3,3,4,4,5,3,3,4,3,4,2,2,4,6,1,3,1,3,1,18,14,16,14,53
100,4,5,1,4,2,3,3,3,4,4,3,4,4,4,4,3,2,3,3,3,4,4,4,4,4,5,2,3,3,5,5,5,5,4,4,4,4,4,4,4,4,2,1,4,4,1,2,1,3,11,14,14,19,26,53
101,3,3,2,4,5,5,4,4,4,3,4,4,3,3,3,2,2,3,2,2,2,2,2,3,3,2,3,2,2,2,1,3,3,3,3,3,3,3,5,5,5,2,2,4,6,1,3,1,3,7,12,15,17,17,33
102,4,4,4,4,4,3,4,3,2,3,3,4,3,4,4,2,2,4,2,3,2,2,2,2,2,3,4,4,3,3,4,4,3,2,2,2,3,3,4,4,5,2,2,4,5,1,2,2,1,14,16,12,18,19,38
103,5,3,5,5,4,5,3,4,3,3,4,4,4,4,4,4,4,4,3,3,3,3,3,4,4,4,5,4,4,5,4,4,4,5,4,3,4,3,5,4,5,1,2,4,6,1,2,1,3,12,18,13,20,27,54
104,2,4,2,4,4,4,4,4,2,3,4,4,4,4,4,2,2,4,2,4,3,2,2,4,3,2,4,4,4,4,3,4,2,2,4,4,2,3,4,3,4,2,4,1,6,1,2,3,1,6,12,13,20,21,44
105,4,4,4,5,5,5,4,4,5,4,4,4,3,4,4,4,3,3,3,3,3,2,3,4,4,4,4,4,4,4,3,5,5,4,4,4,3,2,4,3,5,2,2,4,5,1,3,1,3,12,17,17,19,24,53
106,4,4,4,4,5,5,4,4,3,3,4,2,3,4,2,2,3,2,2,2,2,2,2,5,4,3,3,4,3,4,2,2,2,2,4,2,4,1,4,5,3,1,1,4,3,1,2,1,1,10,16,14,15,17,40
107,5,5,5,5,5,5,3,3,4,3,5,5,5,5,5,3,3,4,3,3,3,3,4,4,4,4,4,4,3,3,3,3,3,3,3,3,2,2,3,3,4,2,3,1,5,1,2,6,1,8,20,13,25,26,44
108,4,4,4,4,4,5,4,4,4,4,4,4,4,4,4,3,3,3,3,3,3,3,3,4,4,4,4,4,3,3,3,3,3,3,4,3,4,3,4,3,3,2,2,2,4,1,1,1,7,8,16,16,20,24,45
109,3,4,4,4,5,5,5,5,4,3,4,4,3,3,5,2,2,4,3,4,2,2,1,2,2,2,2,2,2,2,2,3,2,2,2,2,4,1,4,3,3,1,4,1,2,1,3,1,7,14,15,17,19,20,27
110,4,4,4,4,5,5,3,3,3,3,4,4,4,4,4,3,3,4,3,3,3,3,3,5,5,4,4,4,4,3,4,4,4,3,3,3,1,1,1,1,2,2,2,1,6,1,2,2,1,14,16,12,20,25,50
111,4,2,4,4,5,4,4,4,4,4,4,3,3,4,4,4,4,4,4,4,4,3,4,4,4,4,4,4,2,3,3,3,4,4,4,4,5,4,4,4,4,2,3,4,5,1,2,2,1,13,14,16,18,31,47
112,4,3,4,4,4,4,4,4,4,4,2,4,4,4,4,4,4,4,4,4,4,3,4,4,4,4,4,4,4,4,4,4,4,4,4,4,3,2,4,3,2,2,2,1,4,1,2,1,4,1,15,16,18,31,52
113,3,3,3,3,3,3,3,3,3,3,3,3,3,3,3,3,3,3,3,3,3,3,3,3,2,2,2,3,2,2,3,3,3,2,1,1,2,2,2,3,3,2,3,1,2,1,2,1,2,14,12,12,15,24,29
114,5,5,5,5,5,5,4,4,4,4,5,5,5,5,5,4,4,4,4,4,4,4,4,5,5,5,5,5,5,5,5,5,5,5,5,5,2,2,2,2,5,1,5,4,2,2,3,1,7,1,20,16,25,32,65
115,4,4,4,4,4,4,4,4,4,4,4,4,4,4,4,3,3,3,3,3,3,3,3,4,4,4,4,4,3,3,4,3,3,5,5,5,2,2,3,4,4,1,3,4,5,1,1,1,1,7,16,16,20,24,51
116,5,4,4,4,5,5,3,5,5,3,3,3,5,5,5,1,2,3,3,5,4,1,5,5,5,3,4,1,3,3,2,5,3,3,3,3,5,3,5,3,5,2,2,4,6,1,2,1,3,12,17,16,21,24,43
117,5,5,5,5,5,5,5,5,5,1,1,5,5,5,5,5,5,5,5,5,5,5,5,5,5,5,5,5,5,5,5,5,5,5,5,5,5,3,5,5,5,1,2,4,6,1,3,2,3,12,20,16,21,40,65
118,4,4,4,3,4,5,4,4,4,3,5,5,5,5,4,4,4,4,4,4,4,3,4,5,5,5,5,3,4,4,5,4,4,5,5,5,4,2,2,5,3,1,2,4,5,2,2,1,3,12,15,15,24,31,59
119,4,5,5,5,5,5,5,5,5,5,5,5,5,5,5,4,4,4,4,4,4,4,4,4,4,5,5,5,4,4,4,4,4,4,4,4,3,3,2,2,5,1,3,1,6,1,2,2,1,12,19,20,25,32,55
120,3,4,3,4,4,4,4,4,4,4,4,4,3,4,4,4,4,4,4,4,4,4,4,4,4,4,4,4,3,3,4,4,4,4,4,4,4,3,4,3,3,2,3,1,3,1,2,2,2,2,14,16,19,32,50
121,4,5,5,5,5,5,5,5,3,4,5,5,5,5,5,4,4,4,4,4,4,4,4,4,4,4,4,4,4,4,4,4,4,4,4,4,2,2,5,3,3,2,3,4,5,1,3,1,3,6,19,17,25,32,52
122,5,5,5,4,5,5,3,3,5,4,3,5,2,4,2,4,4,4,4,4,4,4,4,4,4,4,5,4,3,3,5,5,4,5,5,5,2,1,2,4,4,1,3,4,5,2,2,1,3,6,19,15,16,32,56
123,4,4,5,5,5,5,3,3,3,4,4,5,4,4,5,4,4,5,4,4,4,3,3,5,5,5,5,4,5,5,4,3,3,3,4,4,4,2,5,4,5,2,2,4,5,2,3,1,2,2,18,13,22,31,55
124,4,4,4,3,4,4,4,4,4,4,3,4,3,4,4,3,3,5,5,4,3,3,3,5,5,4,4,3,3,3,3,3,4,3,4,4,3,3,4,4,4,2,2,4,4,1,2,1,2,2,15,16,18,29,48
125,4,4,4,4,4,4,4,3,3,4,3,4,3,3,3,3,3,4,3,3,3,3,3,4,4,4,3,3,3,3,3,3,3,3,3,3,3,3,4,4,5,1,2,1,4,1,2,1,2,2,16,14,16,25,42
126,4,4,5,5,5,5,4,3,4,4,5,5,3,3,4,4,4,5,4,4,5,4,3,5,4,5,5,4,5,5,4,3,3,3,4,4,4,2,3,4,4,1,3,1,5,1,2,2,2,12,18,15,20,33,54
127,4,4,4,4,5,5,3,5,5,3,3,3,5,5,4,2,2,3,3,5,5,1,5,5,5,3,5,1,3,3,1,4,3,3,3,3,5,3,5,3,5,2,2,4,6,1,3,1,3,12,16,16,20,26,42
128,5,5,5,5,5,5,5,5,5,5,5,5,5,5,5,5,5,4,4,4,4,4,4,5,5,4,4,5,4,4,5,5,5,5,5,5,4,4,5,5,5,2,2,4,6,1,4,1,3,12,20,20,25,34,61
129,2,4,4,4,4,4,4,4,2,3,4,4,4,4,4,4,2,2,2,2,2,2,2,4,2,4,2,2,2,2,4,4,2,4,4,2,2,2,5,5,5,2,3,2,6,1,1,4,1,12,14,13,20,18,38
130,4,4,5,5,5,5,3,3,3,3,5,5,5,5,5,4,4,5,4,4,4,3,5,5,5,3,3,4,3,3,4,4,4,4,4,4,3,3,5,5,5,2,2,4,5,1,4,1,3,12,18,12,25,33,50
131,5,5,5,5,5,4,5,5,4,4,5,5,5,5,5,4,4,5,4,4,4,4,4,5,5,4,5,4,4,4,5,5,5,5,5,5,3,4,4,5,5,2,2,1,5,1,2,1,3,12,20,18,25,33,61
132,4,4,4,4,4,4,4,4,4,4,3,4,4,4,4,3,4,4,4,4,4,3,3,4,4,4,4,4,4,2,3,4,3,4,4,2,3,3,5,5,5,2,3,1,5,1,2,2,2,2,16,16,19,29,46
133,4,5,5,5,5,5,4,4,4,4,4,4,3,4,4,3,4,4,4,4,3,3,4,5,4,3,4,4,4,3,5,4,4,4,4,3,3,1,4,4,5,2,2,4,5,1,3,1,3,6,19,16,19,29,51
134,4,4,4,4,4,4,4,4,4,4,4,4,4,4,4,4,4,4,4,4,4,2,4,4,4,4,2,4,4,2,2,4,2,2,4,2,3,3,5,5,5,2,4,1,3,1,1,2,2,2,16,16,20,30,40
135,4,3,5,4,5,5,3,3,3,3,4,5,4,4,5,2,3,4,2,2,2,2,2,4,4,4,3,2,3,3,2,3,2,3,3,3,3,2,3,2,5,2,2,4,5,1,2,1,3,14,16,12,22,19,39
136,4,3,4,4,4,5,4,4,4,4,4,4,4,4,4,3,3,4,4,3,2,2,4,4,4,4,3,2,2,2,4,4,4,4,4,4,3,3,4,4,5,2,2,4,5,1,3,1,3,14,15,16,20,25,45
137,4,5,5,5,5,5,4,5,4,4,5,5,5,5,5,4,4,5,4,4,5,3,4,5,5,5,4,5,4,4,4,4,4,4,4,4,4,1,3,5,5,2,2,4,5,1,1,1,3,6,19,17,25,33,56
138,4,4,4,5,5,5,4,4,4,5,5,5,4,4,5,4,4,5,4,4,4,4,4,5,5,5,5,4,4,4,4,4,5,4,4,4,3,3,4,5,4,2,2,4,5,4,2,1,3,12,17,17,23,33,57
139,4,4,4,4,4,4,4,4,4,4,4,4,4,4,4,3,3,4,3,4,4,3,4,4,4,3,4,4,3,3,4,3,4,4,3,3,4,4,3,4,4,2,3,1,4,1,2,2,2,2,16,16,20,28,46
140,4,3,4,4,4,4,4,4,4,4,5,5,5,5,5,2,2,4,3,3,4,2,2,3,4,4,4,2,2,3,3,4,3,3,4,3,3,4,4,5,5,2,2,4,5,1,3,1,3,12,15,16,25,22,42
141,4,5,5,4,4,4,4,4,4,4,4,5,4,4,4,4,4,4,4,4,4,4,4,4,4,4,4,4,4,4,4,4,4,4,4,4,2,2,4,3,5,2,2,4,6,1,4,1,3,6,18,16,21,32,52
142,4,4,4,4,4,4,4,4,4,4,2,4,4,4,4,4,4,4,3,4,4,4,4,3,4,4,3,5,4,4,4,4,3,3,3,3,2,2,3,4,5,2,2,4,6,1,4,1,3,12,16,16,18,31,47
143,5,5,5,4,5,5,4,5,5,4,5,5,5,5,5,4,5,5,5,5,5,4,5,5,5,5,5,5,5,5,5,5,5,4,5,4,3,1,1,1,5,2,2,2,6,1,1,2,3,12,19,18,25,38,63
144,3,4,5,4,5,5,4,4,5,4,4,4,4,4,4,3,4,4,3,4,4,3,3,5,5,5,5,4,4,4,4,4,4,4,4,3,5,4,4,4,5,1,2,4,6,4,1,1,7,12,16,17,20,28,55
145,4,3,4,4,5,5,3,4,4,4,4,4,4,4,4,4,4,4,4,4,4,4,4,4,4,4,4,4,4,3,4,4,4,4,4,4,2,3,4,5,5,2,2,4,6,1,4,1,3,12,15,15,20,32,51
146,4,5,4,4,5,5,4,4,3,3,2,4,4,4,4,2,4,3,2,3,3,2,3,4,3,3,3,4,3,4,3,3,3,3,3,3,3,3,3,3,4,2,2,4,5,1,3,3,3,6,17,14,18,22,42
147,4,4,4,4,4,4,5,5,5,5,4,4,3,3,4,4,4,4,4,4,4,4,4,4,4,3,4,4,3,3,3,3,3,4,4,4,2,2,2,2,2,2,2,4,5,1,2,2,2,12,16,20,18,32,46
148,4,4,4,4,4,4,5,5,5,5,4,4,3,3,4,4,4,4,4,4,4,4,4,4,4,3,4,4,3,3,3,3,3,3,3,3,3,3,3,3,3,2,2,4,5,1,2,1,3,14,16,20,18,32,43
149,4,4,4,4,5,4,4,4,4,4,4,4,3,3,4,3,3,3,3,3,3,3,3,4,4,3,4,4,3,3,3,3,3,3,3,3,2,2,2,2,2,2,2,4,4,1,2,1,2,12,16,16,18,24,43
150,4,4,4,4,4,4,4,4,4,4,5,5,5,5,5,4,4,4,4,4,4,4,4,5,5,5,5,4,4,4,4,4,4,4,4,4,4,5,5,5,5,2,2,4,5,1,2,1,3,12,16,16,25,32,56
151,4,4,4,4,4,4,3,4,2,2,2,4,2,2,4,2,4,4,4,4,4,2,2,4,4,4,2,2,2,2,2,4,4,4,4,4,2,1,4,2,5,1,5,1,3,1,3,3,2,12,16,11,14,26,42
152,4,4,3,5,5,4,2,2,4,4,5,3,3,3,3,2,2,3,3,3,2,2,3,5,5,4,4,5,4,4,3,4,2,3,4,3,3,1,4,4,4,1,3,1,6,1,2,3,1,6,16,12,17,20,50
153,5,4,5,5,5,4,4,4,4,4,5,5,4,4,4,3,3,4,3,3,3,3,3,4,4,4,4,3,3,3,3,3,3,4,4,4,3,3,4,4,5,2,3,1,7,1,3,5,1,6,19,16,22,25,46
154,5,4,4,4,5,4,4,4,4,4,3,4,4,4,4,4,4,4,4,4,4,4,4,5,5,5,4,5,5,5,4,4,4,5,5,5,4,1,5,4,5,1,3,1,4,1,2,2,1,12,17,16,19,32,61
155,4,3,4,4,4,4,4,4,4,4,4,4,4,4,4,3,3,4,4,4,4,3,4,4,4,4,3,4,3,3,3,4,4,4,4,3,2,2,3,3,4,2,3,1,4,1,2,2,2,2,15,16,20,29,47
156,4,4,4,4,4,4,3,3,3,3,4,4,4,4,4,4,4,4,4,4,4,4,4,4,4,4,4,4,4,4,4,4,4,4,4,4,2,2,2,2,2,2,3,4,5,1,1,2,2,2,16,12,20,32,52
157,5,4,4,5,4,5,5,4,5,4,5,5,5,4,4,4,4,4,4,5,4,5,5,5,5,5,5,5,5,4,4,4,4,4,5,4,4,5,5,4,4,1,5,1,3,1,2,2,4,2,18,18,23,35,59
158,4,4,4,4,4,4,4,4,4,4,4,4,3,3,3,4,4,4,3,4,3,3,3,3,4,4,4,4,4,3,3,3,3,3,3,3,3,2,3,4,4,2,2,4,5,1,2,2,2,2,16,16,17,28,44
159,3,4,3,3,4,4,3,3,3,3,4,5,5,5,5,3,3,4,3,3,4,4,4,5,5,5,4,5,4,3,4,4,4,5,5,5,5,1,2,1,5,2,3,1,6,1,2,2,1,11,13,12,24,28,58
160,2,2,2,4,5,5,3,3,3,4,4,4,4,4,3,3,3,4,4,4,4,4,4,5,5,5,5,5,5,4,5,4,4,5,5,5,5,4,3,1,5,1,4,1,4,1,2,3,2,13,10,13,19,30,62
161,4,4,4,3,5,5,4,4,4,4,3,3,3,4,4,4,4,4,4,4,4,5,5,5,5,4,5,4,2,4,4,4,4,5,5,5,4,4,3,1,5,1,3,1,7,1,2,5,1,6,15,16,17,34,56
162,4,5,4,5,5,5,4,4,4,4,4,4,4,4,3,3,4,4,4,4,4,4,4,4,4,4,4,4,4,4,4,4,5,5,5,5,5,5,5,1,5,2,3,2,5,1,1,2,4,9,18,16,19,31,56
163,5,5,5,5,4,4,5,5,5,5,5,5,5,5,5,4,4,4,3,3,4,4,4,5,5,5,5,5,5,5,5,5,5,5,5,5,5,5,5,3,5,2,3,1,4,1,1,1,5,14,20,20,25,30,65
164,5,5,5,5,5,5,3,4,4,4,3,4,4,4,4,4,3,3,3,4,4,3,4,4,4,4,3,4,4,4,4,4,4,5,5,5,5,5,5,3,5,1,4,1,6,1,2,3,1,1,20,15,19,28,54
165,2,2,3,4,3,3,3,3,3,3,4,4,4,4,3,3,3,3,3,3,3,3,3,4,4,3,4,4,3,4,4,3,3,4,4,4,5,1,4,1,3,1,2,4,4,1,1,1,3,2,11,12,19,24,48
166,5,5,5,5,5,5,3,3,3,3,4,4,3,3,4,3,3,2,2,2,2,2,2,5,5,5,5,5,5,5,5,5,4,4,4,4,5,3,5,1,5,2,3,3,4,1,1,2,2,6,20,12,18,18,61
167,5,5,5,5,5,4,3,4,4,4,4,4,4,4,4,4,3,3,3,3,4,4,3,4,4,4,4,3,3,2,2,2,2,5,5,5,5,3,5,3,5,2,1,4,3,1,1,1,3,12,20,15,20,27,45
168,3,3,3,4,4,4,4,4,4,4,4,4,4,4,4,4,4,2,4,4,2,1,5,5,5,4,3,4,5,3,4,3,3,3,3,3,5,5,5,3,5,2,3,1,4,1,2,1,5,2,13,16,20,26,48
169,4,4,4,4,4,4,2,3,2,4,4,4,4,4,4,1,1,3,2,1,2,3,2,5,5,4,4,3,3,3,3,4,4,4,4,4,5,4,3,1,5,2,3,4,6,1,1,3,1,6,16,11,20,15,50
170,4,4,4,4,5,5,4,5,5,5,5,5,4,5,4,2,4,3,3,4,2,4,3,4,4,3,4,3,2,2,2,2,4,4,4,4,5,5,5,5,5,1,5,1,7,1,2,6,1,12,16,19,23,25,42
173,5,5,5,5,5,5,4,3,4,4,4,4,4,4,4,3,3,3,4,3,2,3,2,5,5,5,5,5,5,5,5,5,4,5,5,5,4,3,3,1,5,2,2,2,5,1,1,3,2,2,20,15,20,23,64
174,5,5,5,5,5,5,3,3,4,3,4,4,3,4,4,3,3,4,3,3,3,3,3,5,5,5,5,5,5,5,5,5,4,5,5,5,5,4,5,1,5,1,3,1,7,1,2,4,1,8,20,13,19,25,64
175,4,4,4,5,4,4,4,4,4,4,5,5,5,5,5,1,1,2,3,3,2,2,3,5,4,4,5,1,1,1,2,2,4,4,4,4,5,1,1,1,5,1,2,4,4,1,1,2,2,3,17,16,25,17,41
176,5,5,5,5,5,5,3,3,3,4,5,5,5,5,5,5,5,3,3,1,2,1,1,5,4,4,4,2,2,1,5,1,3,5,5,5,5,1,5,1,5,1,2,1,3,1,2,2,2,11,20,13,25,21,46
177,4,4,4,5,5,4,5,5,5,5,5,5,5,5,5,4,4,3,4,2,3,3,3,5,5,5,4,3,3,3,3,3,3,5,5,5,5,1,3,1,5,1,4,1,6,1,3,5,1,1,17,20,25,26,52
178,5,5,5,5,5,5,4,4,4,4,5,5,5,5,5,2,2,1,2,1,2,1,2,4,4,4,4,3,2,2,2,4,5,5,5,5,5,1,4,1,5,2,3,4,5,1,1,3,1,3,20,16,25,13,49
179,5,5,5,4,5,4,4,4,4,4,3,4,4,4,4,3,3,3,3,4,4,4,3,4,4,3,4,3,3,4,5,4,4,5,5,5,5,1,5,1,4,2,3,3,5,2,1,3,1,2,19,16,19,27,53
180,5,5,5,5,5,5,4,4,4,3,4,4,4,4,4,3,3,3,3,4,3,3,3,4,4,4,4,3,3,3,3,3,2,4,4,4,3,3,3,3,5,1,2,4,5,3,1,1,2,10,20,15,20,25,45
181,5,5,5,5,5,5,3,3,3,3,3,3,4,4,4,3,3,3,2,2,3,2,2,3,4,4,3,3,3,3,4,4,4,4,4,4,5,5,5,4,5,1,2,4,5,3,1,2,2,7,20,12,18,20,47
182,5,5,5,5,4,4,4,5,4,5,3,4,4,3,4,3,3,3,2,2,2,3,3,4,4,3,3,4,4,3,4,2,2,3,3,3,4,4,4,1,4,1,5,1,5,2,2,4,1,2,20,18,18,21,42
183,5,5,5,5,5,5,3,3,3,3,4,4,4,4,4,3,3,3,4,3,3,3,3,3,3,3,3,4,4,4,4,4,5,5,5,5,5,5,4,5,5,2,2,4,5,2,1,1,3,1,20,12,20,25,52
184,4,4,4,4,4,5,3,3,4,5,5,5,5,4,4,2,1,1,2,3,1,2,2,5,5,5,5,3,2,2,5,4,4,4,4,4,5,1,4,1,5,2,3,1,4,2,2,2,2,10,16,15,23,14,52
185,4,3,3,3,4,4,3,3,3,3,3,3,3,3,3,4,3,3,3,3,3,3,3,4,4,4,4,4,3,3,3,3,3,4,4,4,5,5,5,5,5,1,1,4,3,1,1,1,4,9,13,12,15,25,47
186,5,5,5,5,5,5,4,3,3,3,3,3,4,4,4,3,3,3,3,3,3,3,3,3,3,3,3,2,3,2,3,2,2,5,5,5,5,3,2,1,5,1,2,1,6,1,1,3,2,6,20,13,18,24,41
187,5,5,5,4,5,5,3,3,4,4,4,4,5,5,5,3,4,3,3,3,4,4,4,4,4,4,4,4,5,4,4,4,4,4,4,4,5,5,5,2,4,1,2,4,5,1,1,2,2,6,19,14,23,28,53
188,5,5,5,5,5,5,3,3,3,3,3,3,3,3,3,4,4,4,3,3,3,3,3,3,3,3,3,3,3,3,3,4,3,5,5,5,5,5,5,5,5,1,3,2,3,1,1,3,2,8,20,12,15,27,46
189,5,5,5,5,5,5,4,4,4,4,5,5,5,5,5,3,3,3,3,3,3,3,3,5,5,4,3,5,5,4,3,4,4,4,4,4,3,3,3,3,3,1,2,2,4,1,1,2,1,2,20,16,25,24,54
190,4,5,5,5,5,5,4,4,4,4,5,5,5,5,5,3,3,3,3,3,3,3,3,5,5,4,3,5,5,4,3,4,4,4,4,4,3,3,3,3,3,2,2,4,5,1,2,2,1,11,19,16,25,24,54
191,4,4,4,5,4,4,3,3,3,3,4,4,4,4,4,3,3,2,3,3,3,2,2,3,3,4,3,4,4,4,4,4,4,4,4,4,5,1,5,2,5,2,3,3,6,1,1,2,1,11,17,12,20,21,49
192,3,3,3,3,3,3,2,3,3,4,4,4,4,4,4,3,3,3,3,3,4,3,3,2,2,3,2,3,3,3,3,3,3,3,3,3,5,3,5,3,5,1,2,4,5,1,1,1,3,13,12,12,20,25,36
193,4,4,3,4,4,3,4,3,3,4,3,4,4,3,4,3,4,4,4,4,3,4,3,4,4,3,4,3,4,3,4,3,4,3,2,3,4,4,4,4,4,1,3,1,5,1,2,4,1,13,15,14,18,29,44
194,5,5,4,4,5,5,4,5,5,5,4,4,5,5,5,4,4,5,5,5,5,4,5,5,5,5,5,3,3,3,5,5,5,5,5,5,4,3,4,4,3,1,5,1,6,1,2,5,1,7,18,19,23,37,59
195,4,3,5,5,5,5,5,4,4,4,2,4,3,3,4,3,5,4,4,5,3,3,4,4,4,4,4,5,3,3,4,4,4,4,4,3,3,4,4,4,4,1,2,1,4,1,1,2,2,2,17,17,16,31,50
196,4,3,5,5,5,5,5,4,4,4,2,4,3,3,4,3,5,4,4,5,3,3,4,4,4,4,4,5,3,3,4,4,4,4,4,3,2,3,4,4,4,2,3,1,4,1,2,2,4,11,17,17,16,31,50
197,4,3,5,5,5,5,5,4,4,4,2,4,3,3,4,3,5,4,4,5,3,3,5,4,4,4,4,5,3,3,4,4,4,4,4,3,4,4,4,4,4,2,3,1,5,1,2,3,2,2,17,17,16,32,50
198,3,3,2,4,4,4,3,4,4,4,4,5,5,5,4,2,2,2,3,3,2,2,2,4,4,4,4,4,4,3,3,3,4,3,4,4,4,2,4,4,5,1,4,1,5,1,2,3,1,1,12,15,23,18,48
199,5,5,5,5,5,4,5,5,5,5,4,4,4,4,5,4,3,3,3,4,4,5,5,4,4,4,4,5,5,5,4,4,4,4,4,4,3,2,3,3,2,2,2,4,4,1,2,1,2,11,20,20,21,31,55
200,5,4,5,5,4,5,4,4,4,3,3,4,4,3,4,4,3,3,3,4,3,3,4,5,5,5,5,4,3,3,4,4,4,5,4,5,3,3,3,3,3,2,2,4,4,1,3,1,2,11,19,15,18,27,56
201,5,5,5,4,5,4,5,4,5,4,5,5,5,5,4,4,5,4,4,4,5,3,3,4,5,5,4,4,5,5,5,5,4,4,4,4,4,3,3,4,4,2,3,4,5,1,2,1,4,11,19,18,24,32,58
202,5,4,5,4,5,4,5,5,5,5,5,5,5,5,4,4,4,5,4,4,4,5,3,3,4,4,3,4,3,4,4,3,4,4,5,4,4,3,4,3,3,2,2,4,3,1,3,1,2,11,18,20,24,33,49
203,4,4,3,3,3,4,3,4,4,3,3,4,4,3,3,3,4,3,4,3,4,3,3,4,4,4,4,4,4,3,4,3,4,3,3,3,3,2,4,5,5,1,3,1,4,1,3,3,4,3,14,14,17,27,47
204,4,4,4,5,4,5,4,4,3,3,3,4,4,4,5,4,4,3,3,3,3,3,4,3,4,4,4,4,4,4,3,3,4,3,4,4,2,4,5,4,4,2,3,1,4,1,3,3,4,5,17,14,20,27,48
205,4,4,4,4,4,4,4,4,4,4,4,4,4,4,4,3,4,3,3,4,3,4,4,4,4,4,4,4,4,4,4,3,4,4,3,4,3,1,4,4,4,2,3,1,4,1,2,2,4,2,16,16,20,28,50
206,5,2,5,5,5,4,4,3,4,4,3,3,4,4,4,3,4,3,4,4,4,4,4,3,4,4,3,3,4,3,4,4,4,3,4,4,2,3,5,5,5,2,2,4,5,1,3,2,4,11,17,15,18,30,47
207,4,4,4,5,4,4,4,4,3,3,4,4,4,4,3,4,3,4,4,4,4,4,4,4,4,4,3,3,3,4,3,4,4,3,3,4,3,4,4,3,4,2,3,4,3,1,3,2,2,11,17,14,19,31,46
208,4,3,4,4,4,3,4,4,4,4,2,3,4,3,4,4,4,4,3,4,3,3,3,4,4,4,4,4,4,3,4,4,4,3,4,3,3,3,4,4,4,2,1,1,4,1,1,2,2,5,15,16,16,28,49
209,5,4,5,3,5,5,5,4,3,4,4,4,3,4,5,2,3,3,3,3,3,2,3,5,5,5,4,3,3,2,2,3,3,4,4,4,4,2,4,3,5,2,3,2,4,1,1,2,2,2,17,16,20,22,47
210,4,5,5,5,5,5,5,5,5,4,4,5,4,5,5,5,5,5,5,5,4,5,4,5,5,4,4,4,5,4,4,4,4,4,5,4,3,1,4,4,5,2,2,4,4,1,4,2,4,11,19,19,23,38,56
211,3,3,3,3,4,4,3,3,3,3,4,3,4,4,3,4,3,3,3,4,4,4,4,3,3,3,3,3,3,3,3,3,3,4,4,3,5,2,5,5,5,2,2,4,5,3,1,1,3,9,12,12,18,29,41
212,4,5,5,5,4,5,3,3,3,4,4,4,4,5,4,3,3,3,4,3,3,4,4,4,4,4,4,4,5,5,5,5,4,5,5,5,5,3,5,3,5,2,2,1,6,3,2,4,1,4,19,13,21,27,59
213,4,4,4,4,4,4,4,3,4,4,4,4,4,5,4,3,3,3,3,4,3,3,4,5,5,5,5,4,4,4,5,5,4,4,4,4,4,2,5,2,5,1,2,4,6,3,1,2,2,9,16,15,21,26,58
214,4,4,5,4,4,5,3,3,4,3,4,4,5,4,5,3,3,4,3,3,3,4,3,5,4,5,4,4,4,4,5,5,4,5,5,5,5,3,5,3,5,1,5,1,6,2,3,5,1,2,17,13,22,26,59
215,3,4,3,4,4,5,2,2,3,4,4,4,4,4,4,3,3,2,3,3,3,3,3,5,5,5,5,4,5,3,5,5,5,4,4,4,4,2,4,4,5,2,3,4,6,2,1,2,1,10,14,11,20,23,59
216,5,4,5,5,5,5,4,4,4,4,3,3,4,4,3,3,3,4,3,4,4,4,4,4,4,4,4,5,5,5,4,5,5,5,5,5,4,2,4,2,5,2,2,4,5,2,1,2,2,5,19,16,17,29,60
217,2,2,2,2,4,4,2,2,2,3,4,4,4,4,4,2,2,2,2,2,2,3,2,4,4,4,4,4,3,4,4,4,3,4,4,4,4,3,5,4,5,2,4,1,5,2,2,3,1,11,8,9,20,17,50
218,4,3,4,5,5,5,3,4,3,3,4,4,4,4,4,2,3,3,3,3,3,2,2,3,4,3,2,3,2,2,2,2,2,2,2,2,3,2,4,4,4,1,2,4,4,1,2,2,1,11,16,13,20,21,31
219,4,3,3,3,3,4,3,3,3,3,3,3,3,3,3,3,3,3,3,3,3,3,3,3,3,3,3,4,4,3,3,3,3,3,3,3,4,3,4,2,2,2,2,2,5,1,1,2,2,11,13,12,15,24,41
220,5,5,5,5,5,5,5,5,4,5,5,4,5,4,5,5,5,5,4,4,5,4,5,5,5,4,5,4,5,4,4,4,5,4,5,4,2,4,5,5,5,1,1,4,4,1,2,1,3,2,20,19,23,37,58
221,5,5,5,5,5,5,3,4,4,4,5,5,5,5,5,4,4,4,4,4,4,4,4,4,4,5,4,5,4,4,4,4,4,4,4,4,5,4,5,5,5,1,5,1,5,2,2,4,1,7,20,15,25,32,54
222,4,4,4,4,4,4,4,4,4,4,5,5,5,5,4,3,3,3,3,3,3,4,3,4,4,4,3,3,3,3,3,3,3,4,4,4,5,3,5,5,5,2,3,1,4,2,2,2,2,11,16,16,24,25,45
223,3,4,5,4,4,3,2,2,2,2,4,3,4,4,3,2,2,2,2,2,2,2,2,3,3,3,3,3,3,3,3,3,3,3,3,3,5,2,5,5,5,2,2,4,4,2,3,2,2,10,16,8,18,16,39
224,4,4,4,4,4,4,3,3,3,3,4,4,4,4,4,4,4,4,4,4,4,4,4,4,4,4,4,4,4,4,4,4,4,4,4,4,3,3,3,3,3,2,4,1,5,2,2,4,1,1,16,12,20,32,52
225,3,4,3,3,4,4,4,4,3,3,4,4,4,4,4,2,3,3,3,2,2,3,3,4,4,4,3,3,3,3,3,3,3,3,3,3,5,5,3,4,5,1,5,2,4,2,1,3,2,13,13,14,20,21,42
226,3,3,3,3,3,3,3,3,3,3,4,3,4,4,3,2,2,2,2,2,2,2,2,2,2,2,2,2,2,2,2,2,2,2,2,2,5,3,5,5,5,2,2,4,3,2,2,1,2,10,12,12,18,16,26
227,5,5,5,5,5,5,5,4,4,4,5,5,5,5,5,3,4,4,4,4,3,3,2,5,5,5,5,3,4,3,4,4,4,4,4,4,2,2,3,4,4,2,2,4,5,2,2,3,1,1,20,17,25,27,54
228,5,4,5,5,5,5,4,4,4,4,4,4,4,4,4,3,4,4,4,4,3,3,4,5,5,5,5,4,3,3,4,4,4,5,5,5,3,2,5,5,5,2,1,4,4,2,1,1,3,14,19,16,20,29,57
229,5,5,5,5,4,4,4,4,2,2,5,5,4,2,2,2,1,1,1,2,1,2,2,5,5,4,1,5,1,1,1,2,1,4,1,1,1,1,1,1,3,2,2,4,6,1,2,1,3,14,20,12,18,12,32
230,3,5,4,5,5,5,4,3,3,3,5,4,4,4,3,2,3,3,3,3,4,1,2,4,4,2,4,2,3,2,3,3,3,2,4,3,3,3,1,1,3,1,3,4,3,1,1,1,2,3,17,13,20,21,39
231,4,3,3,3,4,4,3,4,4,4,4,4,4,3,3,2,4,4,3,3,4,4,4,4,4,4,3,3,3,4,4,4,4,3,4,3,3,1,1,1,1,2,2,4,5,1,2,2,1,2,13,15,18,28,47
232,4,4,5,4,5,4,4,5,4,5,4,4,4,4,5,4,4,5,4,4,5,3,4,4,4,5,4,4,3,4,4,4,4,3,3,3,1,1,5,5,5,2,2,4,6,1,3,2,1,11,17,18,21,33,49
233,4,4,4,4,4,4,4,4,4,2,4,4,4,4,4,3,3,3,4,3,4,4,4,2,2,4,4,4,3,1,1,3,1,2,3,3,3,4,4,4,4,2,2,4,5,1,3,2,1,11,16,14,20,28,33
234,4,3,4,4,4,4,4,4,4,3,4,4,4,4,4,3,4,4,4,3,3,3,4,4,4,4,3,4,3,3,3,3,3,4,4,3,3,3,4,4,4,2,2,4,6,1,1,3,2,6,15,15,20,28,45
235,5,2,4,5,5,5,4,4,3,3,4,4,4,4,4,2,2,4,2,2,2,2,2,5,5,5,3,2,4,4,3,3,2,2,2,2,2,2,5,4,5,2,2,4,6,1,3,3,1,6,16,14,20,18,42
236,4,4,4,4,4,4,3,3,2,2,2,3,2,2,3,2,2,2,2,2,2,2,2,4,4,3,2,4,2,2,2,2,2,2,2,2,3,3,5,5,4,2,2,1,4,1,2,2,1,4,16,10,12,16,33
237,3,3,4,4,4,5,4,4,3,4,2,4,3,3,4,3,3,3,3,3,3,2,2,5,5,5,5,3,3,3,4,5,4,3,3,4,5,3,4,5,5,2,3,4,5,1,3,2,1,1,14,15,16,22,52
238,5,5,4,4,4,4,4,4,4,4,4,5,5,4,4,4,5,5,5,4,5,4,4,4,4,4,4,4,4,4,4,4,3,2,2,2,3,2,4,2,5,2,3,2,5,1,1,3,1,13,18,16,22,36,45
239,5,4,4,4,4,4,5,4,3,3,5,5,5,5,5,3,3,5,3,4,4,3,3,4,4,4,3,5,3,5,4,4,3,3,3,3,5,3,5,5,5,2,2,4,5,1,3,2,1,14,17,15,25,28,48
240,5,4,4,4,4,4,2,2,2,2,2,4,3,3,3,3,2,4,4,3,3,2,3,4,4,2,3,2,2,2,2,2,2,3,3,3,2,2,2,4,4,2,2,4,5,1,3,1,2,2,17,8,15,24,34
241,4,4,4,4,3,4,4,4,3,3,4,4,3,3,4,4,3,4,4,4,4,3,3,3,3,4,4,4,3,3,4,4,4,4,4,4,3,3,4,4,3,2,2,4,4,1,4,1,2,2,16,14,18,29,48
242,4,5,5,4,3,4,4,4,4,4,4,5,4,4,4,3,3,4,4,4,4,4,4,4,4,4,5,5,4,4,4,4,5,5,3,4,5,3,5,4,5,2,2,4,5,1,3,1,2,2,18,16,21,30,55
243,5,4,5,5,5,5,4,4,4,4,4,4,4,4,4,2,2,4,2,4,4,3,4,4,4,4,3,4,3,4,3,4,4,3,3,3,2,2,4,2,5,2,2,4,6,1,3,1,3,7,19,16,20,25,46
244,3,4,4,4,4,4,4,4,4,4,4,4,4,4,4,4,4,3,4,3,4,4,4,4,4,4,4,4,2,2,4,4,4,4,4,4,3,2,5,5,5,2,2,4,5,1,4,1,2,2,15,16,20,30,48
245,4,4,4,4,4,4,4,4,3,4,4,4,4,4,4,3,4,4,4,4,4,3,3,4,4,4,4,4,4,4,3,4,4,4,4,4,3,3,4,4,5,2,3,5,5,1,3,2,2,14,16,15,20,29,51
246,4,3,4,4,4,4,2,3,4,4,4,4,4,4,4,4,4,4,4,4,3,4,4,4,4,4,4,4,3,3,4,4,3,2,2,2,5,3,5,4,5,2,3,1,5,1,2,2,2,14,15,13,20,31,43
247,4,4,4,4,4,4,5,5,4,4,4,4,4,4,4,3,3,3,3,3,3,3,3,4,4,4,4,3,3,3,3,4,3,3,3,2,3,2,4,4,5,2,2,4,5,1,2,1,2,6,16,18,20,24,43
248,3,4,4,4,4,4,4,4,4,4,4,4,4,4,4,3,3,3,3,3,3,3,3,4,4,4,4,3,3,3,4,3,4,4,4,4,4,3,3,3,4,2,2,4,5,1,3,2,2,2,15,16,20,24,48
249,4,3,5,4,5,5,4,3,3,4,4,4,5,5,4,3,3,4,4,3,3,3,3,3,3,4,3,5,4,3,3,4,4,4,4,4,3,3,4,3,5,2,2,4,5,1,3,1,1,2,16,14,22,26,48
250,4,4,4,4,5,5,5,5,5,4,4,4,4,4,4,4,4,4,4,4,4,3,3,3,3,4,3,5,2,2,4,4,3,4,4,4,5,2,3,4,5,2,2,4,5,1,3,1,2,13,16,19,20,30,45
251,3,4,4,4,5,5,5,4,3,4,3,4,4,4,4,3,4,3,4,3,4,3,4,3,4,5,4,3,5,4,5,4,5,3,4,5,4,4,4,5,5,1,2,4,5,1,1,2,1,5,15,16,19,28,54
252,5,5,5,4,4,5,4,4,4,4,5,5,4,4,5,4,5,4,4,4,4,3,4,5,4,4,5,4,3,3,3,4,3,4,4,2,3,4,5,5,5,2,2,4,5,1,3,2,1,1,19,16,23,32,48
253,3,5,3,4,5,5,4,5,5,4,3,4,4,4,4,4,3,4,4,3,3,3,3,4,4,3,3,4,3,3,4,3,4,4,4,4,3,2,4,4,5,2,2,4,5,1,3,3,1,1,15,18,19,27,47
254,5,4,4,4,5,4,4,4,4,4,2,5,2,2,4,4,4,4,4,4,4,4,4,4,4,4,1,4,4,4,1,4,4,4,2,2,2,1,3,3,4,2,4,1,7,1,3,5,1,5,17,16,15,32,42
255,4,4,4,4,4,4,4,4,5,4,4,4,5,5,5,4,4,4,4,4,4,3,3,3,3,3,3,4,3,3,4,4,4,4,4,4,5,5,5,5,5,2,2,4,5,1,3,1,3,5,16,17,23,30,46
256,4,4,4,4,5,5,5,5,4,4,2,4,4,4,4,4,4,4,4,4,4,4,4,5,5,5,4,5,5,5,5,5,5,5,5,5,4,3,5,5,5,2,2,4,5,1,1,2,2,5,16,18,18,32,64
257,4,4,4,4,5,4,5,5,5,5,5,5,5,4,5,4,4,4,4,4,2,2,4,4,2,5,4,5,2,2,4,5,4,4,4,4,4,4,4,4,4,1,2,1,5,2,2,2,1,5,16,20,24,28,49
258,4,4,5,4,5,5,5,4,3,3,4,5,4,4,5,4,4,4,4,4,4,2,2,5,5,3,3,4,4,3,2,5,3,4,4,4,2,2,4,4,3,2,2,4,6,1,2,2,1,5,17,15,22,28,49
259,4,3,3,5,4,5,4,3,5,3,3,5,4,4,3,2,2,4,3,3,3,3,4,3,4,2,2,3,3,3,3,3,4,2,2,2,3,3,2,4,4,2,2,4,5,1,2,2,2,5,15,15,19,24,36
260,4,3,3,4,5,5,4,3,5,3,4,5,4,4,4,4,3,3,4,3,3,3,4,4,4,3,3,4,4,4,4,4,4,4,3,3,4,2,4,4,4,2,2,4,5,1,3,2,2,5,14,15,21,27,48
261,4,4,4,4,5,5,5,5,4,4,2,4,4,4,4,4,4,4,4,4,4,4,4,5,5,5,5,4,5,5,5,5,5,5,5,5,4,3,5,5,5,2,2,4,5,1,1,2,1,5,16,18,18,32,64
262,3,3,4,4,4,3,3,4,3,3,3,4,5,4,4,3,4,3,4,3,4,4,5,3,3,4,4,4,4,4,4,3,4,4,4,4,3,3,3,3,3,1,2,1,4,1,2,4,1,5,14,13,20,30,49
263,4,3,3,5,4,5,4,3,5,3,3,5,4,4,3,2,2,4,3,3,3,3,4,3,4,2,2,3,3,3,3,3,4,2,2,2,3,3,2,4,4,2,2,4,5,1,2,2,2,5,15,15,19,24,36
264,4,4,4,4,5,4,5,5,4,4,5,5,5,5,4,4,4,5,5,5,5,4,4,5,4,4,5,5,4,4,4,4,5,4,4,4,5,4,4,4,4,1,3,1,6,2,2,3,1,5,16,18,24,36,56
265,3,3,3,4,3,4,4,3,4,5,3,4,4,3,4,5,4,5,3,4,4,5,4,4,3,4,3,4,4,4,4,4,3,3,3,3,3,3,3,2,3,1,2,4,4,1,2,1,3,13,13,16,18,34,46
266,4,4,4,5,5,5,5,5,5,5,5,5,5,5,5,4,4,5,4,4,4,4,4,5,4,5,5,4,4,4,4,4,5,4,4,4,4,4,4,4,4,2,3,1,5,2,3,2,1,5,17,20,25,33,56
267,5,5,5,5,5,5,4,4,4,4,5,5,5,5,5,3,4,5,3,3,3,3,4,4,3,4,4,4,3,4,4,4,3,4,4,4,3,3,4,4,4,2,2,4,5,1,5,2,1,5,20,16,25,28,49
268,3,4,4,4,5,5,4,3,5,5,4,4,2,5,5,5,5,5,5,5,5,1,4,5,5,5,3,3,3,3,5,5,5,4,2,2,2,4,2,3,5,2,2,4,5,1,2,2,1,5,15,17,20,35,50
269,3,5,3,4,5,5,4,5,5,4,3,4,4,4,4,4,3,4,4,3,3,3,3,4,4,3,3,4,3,3,4,3,4,4,4,4,3,2,4,4,5,2,2,4,5,1,3,3,2,1,15,18,19,27,47
270,5,4,4,4,5,5,4,4,4,5,4,5,5,5,4,4,4,5,5,4,4,4,4,5,4,5,4,4,4,4,4,4,5,4,4,4,5,4,4,4,3,2,2,2,5,1,2,2,1,5,17,17,23,34,55
271,4,4,5,5,5,4,4,4,5,4,3,4,4,4,4,3,4,5,4,4,4,2,3,4,3,4,5,5,2,2,4,4,2,4,4,2,4,3,5,4,4,2,2,1,6,1,2,2,1,5,18,17,19,29,45
272,5,5,5,5,5,4,4,5,4,4,4,4,4,4,4,5,4,4,4,4,5,5,5,5,4,5,5,4,4,4,4,4,4,4,4,4,3,2,5,4,5,2,2,1,6,1,2,2,1,5,20,17,20,36,55
273,3,4,5,4,3,4,4,3,4,4,2,3,3,3,3,3,3,3,3,3,3,4,4,3,3,3,3,3,3,4,3,4,3,1,2,3,3,3,3,3,3,1,2,4,4,1,2,1,1,5,16,15,14,26,38
274,4,4,4,5,5,5,5,5,5,5,4,4,4,4,4,4,4,5,4,4,4,4,4,5,4,5,4,5,4,4,5,5,5,5,5,5,4,4,4,4,4,2,2,1,5,2,2,2,2,5,17,20,20,33,61
275,3,4,5,3,4,3,4,4,3,3,3,4,3,5,3,3,4,5,3,4,3,3,3,4,3,3,3,3,3,3,3,3,3,3,3,3,2,2,4,4,3,2,3,1,7,1,3,5,1,1,15,14,18,28,40
276,4,4,4,4,5,4,4,5,4,3,3,4,3,3,4,3,4,4,4,4,4,3,4,5,5,5,2,5,5,5,5,5,5,5,5,5,5,3,5,4,3,2,5,1,3,1,2,2,2,5,16,16,17,30,62
277,4,4,4,4,4,4,5,5,5,5,4,5,5,5,5,4,4,4,4,4,4,4,4,4,4,5,4,5,4,4,4,4,5,4,4,4,5,5,5,4,3,2,2,1,5,1,2,2,1,5,16,20,24,32,55
278,3,3,3,4,5,3,3,4,4,3,3,4,5,4,5,3,4,3,3,5,3,3,3,3,4,3,3,3,4,3,5,4,3,3,4,5,3,3,4,3,5,1,2,4,5,1,3,2,1,7,13,14,21,27,47
279,5,5,5,5,5,5,4,4,4,4,4,4,4,4,4,4,4,4,4,4,4,4,4,4,4,3,4,4,3,4,4,4,4,4,4,4,3,3,3,2,5,2,2,4,5,1,2,1,3,5,20,16,20,32,50
280,5,4,4,5,5,5,4,4,4,4,5,4,4,4,5,4,4,5,4,4,5,4,4,4,4,4,4,4,4,4,4,4,5,5,5,5,4,3,4,3,3,2,2,1,6,1,2,2,1,5,18,16,22,34,56
281,3,4,5,4,5,3,3,5,3,4,5,4,3,4,3,3,4,3,5,3,4,5,3,3,4,5,3,3,4,3,4,5,3,3,4,3,2,3,3,3,4,1,2,4,5,1,2,2,1,6,16,15,19,30,47
282,4,4,4,4,4,5,4,4,4,4,4,4,4,4,5,5,5,4,4,4,4,4,5,4,5,4,4,5,5,5,5,4,4,4,4,4,4,3,4,3,3,1,3,1,6,1,2,3,1,5,16,16,21,35,57
283,5,5,5,5,4,5,4,4,5,4,5,5,4,4,4,4,4,4,4,4,4,3,4,4,5,3,4,4,2,2,2,4,2,2,2,2,3,4,5,5,5,2,2,4,5,1,2,2,1,5,20,17,22,31,38
284,4,5,4,4,4,4,4,4,4,3,4,5,4,3,3,3,3,4,3,3,3,2,4,4,4,3,5,3,3,4,4,4,2,4,3,3,4,3,3,3,5,2,2,4,5,1,3,2,1,5,17,15,19,25,46
285,4,5,5,5,4,5,3,3,3,4,2,4,3,3,2,4,3,3,3,4,2,1,4,4,4,3,5,3,2,2,4,4,2,2,2,2,3,3,4,4,4,1,2,4,5,1,1,2,1,5,19,13,14,24,39
286,4,4,4,5,4,4,5,4,4,4,4,4,4,4,4,5,4,4,4,5,4,5,4,4,4,3,4,4,5,4,4,4,5,4,3,4,3,2,4,4,5,1,2,4,5,1,2,2,1,5,17,17,20,35,52
287,4,5,5,5,4,5,4,4,5,4,5,5,5,5,5,3,5,5,5,5,4,3,4,3,3,3,5,5,3,5,5,3,3,3,3,3,3,3,3,4,4,2,2,4,5,1,3,2,1,5,19,17,25,34,47
288,4,4,3,3,5,3,4,3,3,3,3,5,4,3,3,3,4,4,5,3,4,5,3,3,4,4,5,3,4,5,3,4,5,3,5,4,3,4,3,4,3,1,2,2,5,1,1,3,1,1,14,13,18,31,52
289,4,3,4,4,4,4,4,4,4,4,4,4,4,4,4,3,3,4,3,3,3,4,3,3,3,3,3,3,3,3,3,3,4,4,4,4,4,3,3,3,4,1,2,4,5,1,2,1,1,5,15,16,20,26,43
290,4,4,4,4,4,5,5,5,5,5,4,4,4,5,5,4,4,4,4,4,4,4,5,4,4,4,4,5,4,4,4,4,5,4,4,4,4,4,4,4,3,2,2,4,5,1,2,2,2,5,16,20,22,33,54
291,4,4,4,5,4,4,5,5,5,5,4,4,4,4,5,5,4,4,4,4,4,4,4,4,4,4,4,4,2,4,4,4,4,5,5,5,5,4,4,4,3,2,3,1,5,2,2,2,1,5,17,20,21,33,53
292,4,4,5,4,5,5,5,4,3,3,4,5,4,4,5,4,4,4,4,4,4,3,3,5,5,4,4,4,4,3,2,5,3,4,4,4,2,2,4,4,3,2,2,4,6,1,2,2,1,5,17,15,22,30,51
293,4,3,3,4,5,5,4,3,5,3,4,5,4,4,4,4,3,3,4,3,3,3,4,4,4,3,3,4,4,4,4,4,5,4,3,3,4,2,4,4,4,2,2,4,5,1,3,2,2,5,14,15,21,27,49
294,4,4,4,4,5,5,5,5,5,5,5,5,5,5,4,4,4,4,4,4,4,4,4,4,4,5,5,5,4,4,4,4,4,5,5,5,4,4,4,4,4,2,3,1,5,2,2,2,2,5,16,20,24,32,58
295,4,2,4,4,4,4,4,4,4,5,4,5,4,4,5,2,4,4,2,2,4,2,4,4,4,4,2,5,2,2,2,4,2,4,4,2,4,3,5,3,4,1,3,1,4,1,2,3,1,13,14,17,22,24,41
296,4,4,4,4,4,4,5,4,4,4,4,4,4,4,5,4,4,5,4,4,4,4,4,5,5,5,5,5,5,4,5,4,4,4,4,4,3,2,5,4,5,2,2,2,5,1,1,3,1,5,16,17,21,33,59
297,3,3,5,5,5,5,4,5,4,4,4,5,4,4,5,4,4,4,4,4,4,4,4,5,5,5,4,5,1,1,1,5,4,4,3,3,3,3,4,4,4,1,2,1,5,1,2,2,2,5,16,17,22,32,46
298,5,4,4,4,5,5,5,5,5,5,4,4,5,5,5,5,5,4,4,5,5,4,4,4,4,4,4,4,4,4,4,4,4,5,5,5,5,4,4,4,4,1,3,1,5,2,3,2,2,5,17,20,23,36,55
299,2,3,3,4,4,5,2,3,3,3,2,4,4,4,3,2,2,4,2,2,2,2,2,5,4,3,3,4,3,3,2,2,4,3,4,4,3,3,3,3,1,2,1,4,5,1,3,1,3,5,12,11,17,18,44
300,4,5,4,4,4,4,2,4,4,2,4,4,4,4,4,4,4,3,3,3,3,4,3,4,4,4,4,4,4,4,4,4,2,4,4,4,3,1,3,2,4,2,4,4,5,2,1,6,1,13,17,12,20,27,50
301,4,3,4,4,5,5,3,3,4,4,4,4,4,5,5,2,2,2,2,2,2,2,2,2,2,2,4,2,3,3,2,2,3,3,3,3,3,2,4,5,5,2,2,4,5,2,2,3,1,14,15,14,22,16,34
302,5,4,5,4,5,5,4,4,4,4,4,5,4,4,4,4,4,4,4,4,4,2,4,4,4,4,4,4,3,3,4,5,5,5,5,5,5,5,2,5,5,1,3,1,4,2,2,3,1,7,18,16,21,30,55
303,5,3,5,5,4,4,5,5,5,4,5,5,5,5,5,4,5,5,4,4,5,3,3,5,5,5,5,5,5,5,5,5,5,5,5,5,2,2,4,5,5,2,2,4,5,2,3,2,1,14,18,19,25,33,65
304,5,4,5,5,5,5,4,4,4,4,4,4,3,4,4,2,2,4,2,1,1,1,1,5,5,5,5,5,4,5,3,4,4,4,4,4,2,1,2,4,5,2,2,4,5,2,3,6,1,14,19,16,19,14,57
305,3,1,4,2,4,4,3,2,2,2,2,5,3,4,4,2,2,5,3,2,2,2,2,2,2,2,2,2,2,2,2,2,2,4,4,4,2,2,4,5,5,2,2,4,5,2,2,3,1,14,10,9,18,20,32
306,3,2,4,3,4,4,4,4,4,4,3,4,3,3,4,3,4,4,4,3,3,3,3,4,4,4,3,4,4,3,3,4,3,4,4,4,3,2,5,5,4,2,3,2,5,2,1,3,1,2,12,16,17,27,48
307,4,2,3,4,4,4,4,4,3,4,2,4,4,4,4,3,4,4,4,4,3,4,4,4,4,4,4,4,3,3,4,4,3,4,4,3,1,1,1,1,4,2,3,4,5,2,3,3,1,5,13,15,18,30,48
308,2,2,4,3,5,5,2,3,4,3,5,5,4,4,4,4,4,5,4,4,4,2,2,5,5,5,3,3,4,4,4,4,3,4,4,4,2,1,3,4,4,2,2,1,5,2,2,3,1,14,11,12,22,29,52
309,2,2,2,2,4,4,2,2,2,2,2,4,4,4,4,1,1,4,1,1,1,1,1,4,4,4,4,4,4,4,2,2,2,1,1,1,5,1,2,5,5,2,2,4,5,2,1,2,1,14,8,8,18,11,37
310,4,2,4,4,4,4,1,2,2,2,3,4,4,4,4,1,1,2,1,1,1,1,1,4,3,4,5,5,3,2,3,2,3,3,3,2,2,2,5,4,5,2,2,4,5,2,2,2,1,5,14,7,19,9,42
311,3,2,3,3,4,4,3,3,4,3,3,3,3,3,3,2,2,4,2,2,2,1,2,4,4,4,4,1,4,4,4,4,4,4,4,4,2,1,2,5,5,1,2,3,5,2,3,2,1,14,11,13,15,17,49
312,4,4,4,4,4,4,3,3,4,4,4,4,4,4,4,4,4,3,3,2,3,3,3,4,4,4,4,4,4,4,4,4,4,4,4,4,4,4,4,4,4,1,2,4,5,2,2,3,2,3,16,14,20,25,52
313,3,2,3,4,5,4,2,4,4,3,4,4,4,4,4,4,3,4,4,3,3,3,3,3,4,4,4,2,3,3,3,4,4,4,4,4,3,2,4,4,4,2,2,4,5,2,2,2,1,13,12,13,20,27,46
314,3,2,2,4,4,4,3,3,2,3,3,4,4,4,4,2,3,4,2,2,2,2,2,5,5,5,5,4,4,2,2,1,1,1,1,1,3,3,5,4,4,2,2,1,5,2,2,3,1,13,11,11,19,19,37
315,2,4,4,2,4,4,4,2,2,3,3,4,4,4,2,1,1,3,1,1,1,1,1,4,4,4,3,1,3,2,1,3,2,4,2,3,2,2,2,4,5,2,2,4,5,2,2,2,1,13,12,11,17,10,36
316,4,4,5,4,5,4,5,5,5,4,4,5,4,5,5,3,3,4,4,4,3,3,3,3,3,3,4,3,3,3,4,4,3,4,4,4,1,1,2,2,5,1,2,4,4,2,2,2,1,14,17,19,23,27,45
317,3,3,3,3,3,4,4,4,3,4,3,4,4,3,3,3,3,3,3,3,3,3,3,3,3,3,3,3,3,3,3,3,3,4,4,4,1,1,2,3,4,1,3,2,4,2,1,2,2,13,12,15,17,24,42
318,4,3,3,5,4,4,4,4,4,3,3,5,4,4,4,4,3,4,3,3,3,2,3,4,4,4,4,4,4,4,3,3,3,5,4,4,3,2,3,3,5,1,2,4,4,2,3,1,2,2,15,15,20,25,50
319,5,5,5,5,5,5,4,4,4,4,2,4,4,4,4,3,4,3,3,4,4,4,4,4,4,4,4,4,3,3,4,4,3,4,4,4,5,5,5,5,2,2,5,4,3,2,3,2,2,3,20,16,18,29,49
320,4,5,4,4,4,4,4,4,4,4,4,4,4,4,4,3,3,4,4,3,3,3,3,3,3,3,3,3,3,3,3,3,3,3,3,3,2,2,4,5,4,2,3,4,4,2,3,2,1,3,17,16,20,26,39
321,4,4,3,4,4,4,4,4,4,4,4,4,4,4,4,4,4,4,4,4,4,4,4,4,4,4,4,4,4,4,4,4,4,4,4,4,3,3,4,5,5,2,2,4,3,2,3,2,1,13,15,16,20,32,52
322,4,4,4,5,5,4,4,4,4,3,4,4,4,4,4,3,4,4,4,3,4,3,3,5,2,4,2,4,2,3,3,4,3,4,4,3,4,1,5,4,5,1,4,1,4,2,2,4,1,5,17,15,20,28,43
323,4,4,3,4,5,5,4,2,2,2,4,4,3,2,4,1,1,4,1,2,4,1,1,5,5,3,3,4,4,1,1,2,1,1,2,1,5,3,3,5,4,2,2,4,5,1,3,2,1,11,15,10,17,15,33
324,3,4,4,4,5,5,4,4,4,3,4,4,4,3,4,3,3,4,3,4,4,2,3,5,5,3,4,3,3,2,3,4,2,4,4,3,3,3,4,4,5,1,4,1,5,1,2,3,1,11,15,15,19,26,45
325,4,2,4,2,4,5,3,4,4,3,4,4,4,4,5,3,2,4,3,2,3,2,2,4,4,4,3,3,4,3,3,4,2,4,4,4,2,2,3,4,5,1,3,2,6,3,1,3,1,11,12,14,21,21,46
326,4,4,5,4,5,4,4,4,4,4,4,4,5,5,5,4,5,5,5,5,4,5,5,5,5,4,3,5,4,4,4,5,4,4,5,4,5,3,2,2,4,2,4,3,3,1,1,2,2,3,17,16,23,38,56
327,4,4,4,4,5,5,4,4,5,4,4,4,3,4,4,3,3,4,3,3,3,3,4,4,3,3,3,4,3,4,3,3,4,5,4,3,4,2,4,2,2,1,3,4,3,1,1,1,7,14,16,17,19,26,46
328,5,4,5,5,5,5,5,5,5,4,4,5,4,4,5,4,4,4,5,5,5,4,4,4,4,4,4,4,3,3,4,4,4,4,4,3,4,3,4,4,5,1,2,4,5,1,2,3,1,7,19,19,22,35,49
329,4,4,4,4,5,5,4,3,4,3,4,4,4,4,4,4,4,4,4,4,4,4,4,4,4,4,4,4,4,4,4,4,4,4,4,4,3,2,4,4,4,2,4,1,3,1,2,1,5,14,16,14,20,32,52
330,4,4,4,4,5,5,3,3,3,3,4,4,4,3,4,3,3,4,3,4,3,3,3,3,4,4,3,4,3,3,3,3,3,3,3,3,3,2,4,3,3,2,2,4,5,1,3,1,3,1,16,12,19,26,42
331,5,5,4,4,5,5,2,3,3,3,2,3,2,2,3,2,2,2,2,2,2,2,2,5,5,3,4,5,4,5,4,2,2,4,2,2,4,2,4,4,4,2,5,1,3,1,2,1,5,14,18,11,12,16,47
332,4,4,4,4,4,4,2,2,3,3,5,3,3,3,3,2,2,2,2,2,2,2,2,5,5,4,4,2,4,4,2,2,2,2,2,2,2,1,5,4,3,1,5,1,3,1,2,1,6,14,16,10,17,16,40
333,4,4,4,5,5,5,4,3,4,4,4,4,4,4,5,4,3,4,4,3,4,3,4,4,4,3,3,4,3,3,3,4,4,4,4,3,5,4,4,4,4,2,4,1,3,1,3,2,2,3,17,15,21,29,46
334,4,4,4,5,5,5,5,4,4,4,4,4,4,4,5,4,4,4,3,4,4,4,4,4,4,3,4,4,4,3,3,4,4,4,4,3,4,3,4,4,4,1,4,1,3,1,3,3,2,2,17,17,21,31,48
335,3,2,4,3,5,5,4,4,4,4,3,5,4,4,4,4,4,4,3,3,3,3,3,3,4,4,4,5,3,3,4,4,4,5,5,3,2,2,4,5,5,2,3,4,6,1,3,3,1,6,12,16,20,27,51
336,4,4,4,4,4,4,4,4,4,4,4,4,4,4,4,4,4,4,3,3,3,3,3,5,5,5,5,4,4,4,5,4,4,4,4,4,4,3,3,4,5,2,3,1,6,1,2,3,3,6,16,16,20,27,57
337,4,4,3,4,5,5,5,5,5,5,5,5,5,5,4,3,4,5,4,4,4,3,4,4,4,5,4,4,4,4,4,4,4,4,4,4,2,1,3,4,3,2,2,4,7,1,2,2,3,6,15,20,24,31,53
338,4,4,4,5,5,5,3,3,3,3,4,4,4,4,4,2,2,3,3,3,3,2,2,1,3,3,4,3,2,3,3,3,2,2,2,2,3,3,4,4,4,2,2,4,5,1,1,1,3,12,17,12,20,20,33
339,5,1,5,5,5,5,3,4,5,5,4,4,3,3,1,1,1,4,1,1,1,1,1,4,4,3,4,2,2,2,3,3,1,4,3,3,4,3,4,4,4,1,4,1,6,3,2,6,1,6,16,17,15,11,38
340,3,3,3,3,4,4,3,3,3,3,3,4,4,4,4,3,3,4,3,4,3,3,3,5,5,4,3,2,2,2,4,4,3,4,4,4,5,3,5,5,5,2,3,2,6,1,1,3,1,6,12,12,19,26,46
341,4,4,4,4,4,4,3,2,4,4,4,4,4,4,4,2,2,4,2,4,2,2,2,5,5,4,3,2,2,2,4,4,3,4,4,4,5,3,5,5,2,2,4,4,5,1,1,4,1,5,16,13,20,20,46
342,4,3,3,2,4,5,4,4,3,3,3,3,2,2,3,3,3,4,2,3,3,2,2,4,4,4,3,4,3,3,2,2,2,4,4,4,5,3,5,4,2,2,4,1,3,1,2,2,2,2,12,14,13,22,43
343,4,3,3,4,4,5,4,3,4,3,5,4,4,4,3,3,3,2,3,3,2,4,2,4,4,5,4,3,2,2,3,5,4,4,4,3,4,3,2,1,5,1,3,1,3,1,2,2,7,4,14,14,20,22,47
344,3,4,4,4,5,2,4,4,4,4,4,3,4,4,5,4,4,5,5,3,4,4,4,5,5,4,4,4,4,5,5,4,3,5,5,4,2,1,4,1,1,2,6,3,3,1,2,1,5,14,15,16,20,33,57
345,3,3,4,4,5,5,4,4,3,3,4,4,4,4,4,4,3,4,4,4,4,3,3,5,5,4,4,4,3,3,4,4,4,4,4,3,1,2,5,3,4,1,3,1,3,1,2,2,7,11,14,14,20,29,51
346,3,3,4,4,5,5,4,4,3,3,4,4,4,4,4,4,3,4,4,4,4,3,3,4,3,3,4,4,3,3,4,4,4,4,4,3,2,2,5,3,4,2,3,4,3,1,2,2,7,13,14,14,20,29,47
347,5,5,5,5,5,5,5,5,5,4,5,5,5,5,5,4,4,4,5,5,5,3,4,5,5,5,5,5,3,3,5,5,3,4,4,4,4,1,4,4,3,2,3,1,5,1,2,3,1,1,20,19,25,34,56
348,4,4,4,4,4,4,4,4,4,4,3,4,4,4,4,4,3,4,3,3,3,4,3,4,4,4,4,3,3,3,3,4,3,4,4,4,4,2,4,2,3,2,6,1,4,2,1,2,6,6,16,16,19,27,47
349,4,4,4,4,4,4,3,4,4,4,4,4,4,4,4,2,3,4,3,3,3,2,2,4,4,4,4,4,4,4,4,4,4,4,3,3,2,1,1,1,3,2,6,1,5,3,2,6,5,14,16,15,20,22,50
350,5,4,4,5,5,5,4,3,4,3,5,5,5,5,5,5,5,5,5,5,5,5,4,5,5,4,5,4,4,4,4,4,4,5,5,5,4,2,2,4,3,2,5,1,4,2,2,4,1,11,18,14,25,39,58
351,3,3,2,3,3,4,3,3,3,3,3,3,3,3,3,2,2,3,3,4,3,3,2,4,3,3,2,2,2,3,4,4,3,2,2,2,1,1,3,3,4,1,2,4,3,2,3,4,1,13,11,12,15,22,36
353,4,5,4,4,4,4,4,4,4,4,5,5,5,5,5,4,4,5,4,5,4,4,5,3,3,4,4,5,4,4,4,4,5,5,5,5,3,1,1,3,4,1,3,2,5,2,2,5,1,11,17,16,25,35,55
354,3,3,3,4,4,3,3,4,4,4,3,3,3,3,3,2,2,4,3,3,3,4,4,3,3,3,3,2,3,2,2,4,2,1,1,1,1,1,1,1,2,1,3,3,3,2,1,2,4,4,13,15,15,25,30
356,4,4,5,4,4,4,3,3,3,4,4,4,5,4,4,4,5,5,5,4,4,4,4,4,4,5,5,5,5,5,4,5,4,4,4,5,3,3,1,1,4,2,3,2,5,2,2,6,1,1,17,13,21,35,59
358,5,4,5,5,5,5,3,3,3,3,3,3,4,4,4,5,5,5,5,5,5,5,5,5,5,4,5,5,5,4,5,4,5,5,5,5,1,1,1,1,3,2,3,2,4,2,2,5,1,6,19,12,18,40,62
360,3,3,4,2,5,4,4,4,5,5,3,5,5,5,4,3,3,5,1,2,2,2,3,5,2,1,3,3,2,2,1,1,1,3,3,3,2,2,2,2,5,1,3,4,5,2,2,5,2,1,12,18,22,21,30
363,5,4,5,5,5,5,4,4,4,4,3,3,5,5,4,3,3,4,4,5,3,4,4,4,4,5,4,4,4,5,4,5,5,5,5,5,1,1,5,5,5,2,3,1,4,2,2,5,1,2,19,16,20,30,59
364,4,1,3,3,3,2,4,4,5,3,3,5,5,5,5,4,4,5,5,5,4,2,1,3,3,4,5,5,5,5,5,4,5,4,4,4,1,1,1,1,4,2,2,4,4,2,1,2,2,6,11,16,23,30,56
365,5,4,4,4,4,4,3,3,4,4,4,4,2,4,3,2,2,4,2,2,2,2,2,4,4,4,4,4,3,4,4,4,4,4,3,3,4,1,5,5,5,2,2,4,5,1,2,2,1,2,17,14,17,18,49
366,5,5,5,5,5,5,4,4,4,4,4,4,4,4,4,4,4,4,4,4,4,4,4,5,5,5,5,4,3,4,4,5,4,4,4,4,4,3,5,5,5,2,2,1,5,1,2,2,1,2,20,16,20,32,56
367,5,4,4,4,4,4,4,4,5,4,4,4,4,4,4,4,4,4,3,3,4,3,3,4,3,4,4,4,4,4,4,3,3,4,4,4,4,3,4,3,3,1,5,1,3,3,2,3,1,11,17,17,20,28,49
368,4,5,4,5,5,5,5,5,5,5,4,5,4,4,5,5,4,5,5,5,5,3,4,5,4,4,4,5,4,3,4,4,4,4,4,4,5,3,5,5,5,2,2,4,6,3,3,2,1,3,18,20,22,36,53
369,3,4,4,5,5,4,3,3,3,4,4,4,4,3,4,2,2,4,3,2,2,3,4,4,4,4,1,5,1,1,2,3,3,2,2,2,5,3,5,5,5,2,2,4,5,1,3,2,1,3,16,13,19,22,34
370,3,4,3,4,3,4,4,3,4,3,3,3,3,3,3,3,3,3,3,3,4,4,4,3,3,4,3,4,3,4,4,3,4,4,4,4,3,3,3,3,3,1,2,4,5,1,1,2,1,5,14,14,15,27,47
372,5,3,4,4,5,5,2,4,2,2,4,2,3,3,4,2,2,3,2,3,2,3,4,2,3,2,2,4,4,2,3,2,3,2,4,2,3,3,5,5,5,2,2,4,4,1,5,1,3,6,16,10,16,21,35
373,4,4,4,4,4,4,4,4,4,4,4,4,4,4,4,4,4,4,4,4,4,4,4,4,4,4,4,4,4,4,4,4,4,4,4,4,3,3,3,3,3,1,3,1,4,1,2,2,2,13,16,16,20,32,52
374,4,4,4,4,4,4,4,4,4,4,4,4,4,4,4,4,4,4,4,4,4,4,4,4,4,4,4,4,4,4,4,4,4,4,4,4,3,3,3,3,4,2,3,1,5,4,2,1,2,13,16,16,20,32,52
375,4,4,4,4,4,4,4,4,4,4,4,4,4,4,4,4,4,4,4,4,4,4,4,4,4,4,4,4,4,4,4,4,4,4,4,4,4,4,4,4,4,2,2,4,6,1,2,1,3,12,16,16,20,32,52
377,3,3,3,3,3,3,3,3,3,3,3,3,3,3,3,4,4,4,4,4,4,4,4,4,4,4,4,4,4,4,4,4,4,4,4,4,3,3,3,4,4,2,3,1,5,1,2,2,2,1,12,12,15,32,52
378,4,4,5,5,5,5,5,5,5,5,4,4,4,4,4,4,4,4,4,3,4,3,4,5,5,5,4,5,3,3,3,4,3,5,5,5,5,4,4,4,5,1,5,3,5,2,1,3,1,11,18,20,20,30,55
379,2,4,4,5,5,5,4,4,4,4,5,5,5,4,2,3,5,3,4,3,2,3,4,4,4,4,4,5,5,4,3,5,2,4,5,4,2,2,5,5,5,1,2,4,5,2,2,1,1,3,15,16,21,27,53
380,3,3,3,4,4,4,3,3,3,3,4,4,3,3,3,3,3,3,3,3,3,3,3,3,3,4,4,3,4,4,3,3,3,4,4,4,5,1,5,1,5,1,4,1,2,2,2,4,1,11,13,12,17,24,46
381,3,3,3,4,4,4,4,4,4,4,5,4,4,4,4,4,3,4,3,3,3,4,3,3,3,4,3,4,3,4,3,4,4,5,5,5,5,4,5,5,5,2,4,1,5,2,2,4,1,11,13,16,21,27,50
382,3,4,4,4,4,4,4,4,4,4,4,4,4,4,4,3,4,3,3,3,3,2,3,4,4,3,3,3,3,2,4,4,2,2,2,2,3,3,5,5,5,2,2,4,5,1,2,2,1,7,15,16,20,24,38
383,3,3,3,5,5,3,5,3,4,3,5,5,4,4,4,3,3,3,4,4,4,3,3,5,5,5,5,5,3,4,3,2,4,3,4,4,4,4,4,4,4,1,2,4,4,1,2,1,1,13,14,15,22,27,52
384,3,2,4,4,4,3,4,4,3,3,4,4,4,3,5,4,3,3,3,3,4,4,3,5,5,4,3,4,3,2,2,2,2,3,4,4,3,3,4,3,4,2,2,4,3,1,3,1,2,2,13,14,20,27,43
385,2,2,2,3,3,4,4,4,3,3,4,4,3,2,3,2,2,3,2,3,3,2,2,3,3,3,2,2,2,2,3,3,3,2,2,2,3,2,5,5,5,2,2,4,6,1,3,2,1,14,9,14,16,19,32
386,5,5,5,5,5,4,4,4,4,3,5,5,4,4,5,3,3,4,4,5,4,2,2,2,2,2,4,5,3,3,2,4,3,2,4,2,4,3,4,3,1,2,2,4,7,1,3,1,3,12,20,15,23,27,38